Year,Country,Name of Invention,Name of Inventor,Category,General_Category
1700,Italy,Piano; The First Piano,Bartolomeo Cristofori,Music,Arts & Media
1701,United Kingdom,mechanical seed drill,Jethro Tull,Agricultural Machinery,Agricultural Sciences & Technology
1709,United Kingdom,used coke to smelt iron,Abraham Darby,Metallurgical Engineering,Chemistry & Materials
1709,Germany; Poland,Alcohol Thermometer,Daniel Gabriel Fahrenheit; Gabriel Fahrenheit,Measurement Instrument; Physics,Physical Sciences
1712,United Kingdom,The First Commercial Steam Engine,Thomas Newcomen,Mechanical Engineering,Engineering & Technology
1712,United Kingdom,atmospheric steam engine,Thomas Newcomen,Mechanical Engineering,Engineering & Technology
1712,United Kingdom,The Newcomen Engine,Thomas Newcomen,Mechanical Engineering,Engineering & Technology
1725,China,Clock Mechanical,Hsing and LingTsan,Horology,Other
1730,United Kingdom; United States,Octant,Thomas Godfrey; John Hadley,Marine Navigation,Engineering & Technology
1730,United Kingdom,quadrant for determining latitude,John Hadley,Measurement Instrument,Physical Sciences
1730,United Kingdom,The Marine Chronometer; marine chronometer,John Harrison,Horology; Marine Technology,Engineering & Technology; Other
1732,France,pitot tube,Henri Pitot,Measurement Instrument,Physical Sciences
1733,United Kingdom,Flying Shuttle; flying shuttle,John Kay,Textile Machinery,Engineering & Technology
1735,Sweden,Systema Naturae,Carl Linnaeus,Biology,Life Sciences & Medicine
1738,United Kingdom,Mechanized Cotton Spinning Machine,Lewis Paul; John Wyatt,Textile Machinery,Engineering & Technology
1740,United Kingdom,crucible steel,Benjamin Huntsman,Metallurgical Engineering,Chemistry & Materials
1740,United States,Franklin Stove; Franklin stove,Benjamin Franklin,Domestic Technology,Engineering & Technology
1742,United Kingdom,Sheffield plate,Thomas Boulsover,Materials Technology,Chemistry & Materials
1742,Sweden,Celsius Scale,Anders Celsius,Measurement Instrument,Physical Sciences
1742,Sweden,Centigrade Scale,Anders Celsius,Measurement Instrument,Physical Sciences
1745,Netherlands,Leyden Jar; The Leyden Jar,Ewald Georg von Kleist; Pieter van Musschenbroek,Electricity,Physical Sciences
1745,France,automated loom,Jacques de Vaucanson,Textile Machinery,Engineering & Technology
1746,United Kingdom,Lead Chamber Process,John Roebuck,Chemical Engineering,Chemistry & Materials
1748,United Kingdom,Refrigerator,William Cullen,Refrigeration Technology,Engineering & Technology
1752,United States,Lightning Rod,Benjamin Franklin,Electricity,Physical Sciences
1752,United States,Lightning Conductor,Benjamin Franklin,Electrical Engineering,Engineering & Technology
1755,United Kingdom,Artificial Refrigeration Machine,William Cullen,Refrigeration Technology,Engineering & Technology
1756,France,Mayonnaise,Duke de Richelieus chef,Food Technology,Agricultural Sciences & Technology
1757,United Kingdom,Sextant,John Campbell,Marine Navigation,Engineering & Technology
1760,Belgium; France,Roller Skates,John Joseph Merlin; Joseph Merlin,Recreational Technology,Arts & Media
1763,United Kingdom,Bayes’ Theorem,Thomas Bayes,Mathematics,Mathematics
1764,United Kingdom,water frame spinning machine,Sir Richard Arkwright,Textile Machinery,Engineering & Technology
1764,United Kingdom,Spinning Jenny,James Hargreaves,Textile Machinery,Engineering & Technology
1765,United Kingdom,improved steam engine with separate condenser,James Watt,Mechanical Engineering,Engineering & Technology
1765,United Kingdom,Steam engine,James Watt,Mechanical Engineering,Engineering & Technology
1765,United Kingdom,Improved Steam Engine,James Watt,Mechanical Engineering,Engineering & Technology
1766,United Kingdom,Hydrogen,Henry Cavendish,Chemistry,Chemistry & Materials
1767,United Kingdom,Carbonated Water,Joseph Priestley,Food Technology,Agricultural Sciences & Technology
1767,United Kingdom,Carbonated Water Production Method,Joseph Priestley,Chemistry,Chemistry & Materials
1769,France,SteamPowered Vehicle,NicolasJoseph Cugnot,Transportation,Engineering & Technology
1769,France,steamdriven gun carriage,NicolasJoseph Cugnot,Military Technology,Engineering & Technology
1770,United Kingdom,Weighing Scale,Richard Salter,Measurement Instrument,Physical Sciences
1774,United Kingdom,Boring Machine,John Wilkinson,Machine Tools,Engineering & Technology
1774,United Kingdom,Oxygen,Joseph Priestley,Chemistry,Chemistry & Materials
1774,Sweden,Chlorine,Karl Wilhelm Scheele,Chemistry,Chemistry & Materials
1775,United States,handpowered submarine,David Bushnell,Marine Technology,Engineering & Technology
1775,United Kingdom,ScrewCutting Lathe,Jesse Ramsden,Machine Tools,Engineering & Technology
1776,United Kingdom,breechloading flintlock rifle,Patrick Ferguson,Firearms Technology,Engineering & Technology
1776,United Kingdom,Mechanical Air Compressor,John Wilkinson,Industrial Machinery,Engineering & Technology
1778,United Kingdom,Lever Tumbler Lock,Robert Barron,Lock Technology,Engineering & Technology
1779,United Kingdom,spinning mule,Samuel Crompton,Textile Machinery,Engineering & Technology
1780,India,MetalCylinder Rockets,Hyder Ali,Rocketry,Engineering & Technology
1781,United Kingdom,reciprocating compound steam engine,Jonathan Hornblower,Mechanical Engineering,Engineering & Technology
1781,United Kingdom,Sunandplanet motion for steam engines,William Murdock,Mechanical Engineering,Engineering & Technology
1781,United Kingdom,Discovery of Uranus,William Herschel,Astronomy,Physical Sciences
1782,United Kingdom,pyrometer,Josiah Wedgwood,Measurement Instrument,Physical Sciences
1783,France,early paddlewheel steamboat,ClaudeFranoisDorothe de Jouffroy dAbbans,Marine Technology,Engineering & Technology
1783,France,Hot Air Balloon,Joseph  tienne Montgolfier,Aviation Technology,Engineering & Technology
1783,France,Manned Hot Air Balloon,JosephMichel Montgolfier; JacquesÉtienne Montgolfier,Aerospace,Engineering & Technology
1783,France; United States,Steam Boat; Steamboat,Claude de Jouffroy; Robert Fulton,Marine Technology; Transportation,Engineering & Technology
1783,France,Parachute,LouisSbastien Lenormand,Aviation Technology,Engineering & Technology
1783,France,Modern Parachute,LouisSébastien Lenormand,Aerospace,Engineering & Technology
1784,United States,Bifocal Lens,Benjamin Franklin,Optics,Physical Sciences
1785,Netherlands,Electrolysis Technique,Martinus van Marum,Electrochemistry,Chemistry & Materials
1786,United Kingdom,Threshing Machine; threshing machine,Andrew Meikle,Agricultural Machinery,Agricultural Sciences & Technology
1787,United States,early steamboat,John Fitch,Marine Technology,Engineering & Technology
1789,United Kingdom,woolcombing machine,Edmund Cartwright,Textile Machinery,Engineering & Technology
1789,United Kingdom,Power Loom,Edmund Cartwright,Textile Machinery,Engineering & Technology
1790,United Kingdom,hydrometer,William Nicholson,Measurement Instrument,Physical Sciences
1790,United States,highpressure steam engine US,Oliver Evans,Mechanical Engineering,Engineering & Technology
1790,United Kingdom; United States,Sewing Machine,Elias Howe; Thomas Saint,Textile Machinery,Engineering & Technology
1792,France,Guillotine,Dr JosephI Guillotin,Safety Technology,Engineering & Technology
1792,France,Semaphore Telegraph; semaphore telegraph,Claude Chappe,Communication Technology; Communications,Information & Computing
1793,United States,Cotton Gin; cotton gin,Eli Whitney,Agricultural Machinery; Textile Machinery,Agricultural Sciences & Technology; Engineering & Technology
1795,France,graphite pencil,NicolasJacques Cont,Materials Technology,Chemistry & Materials
1795,United Kingdom,Hydraulic Press; hydraulic press,Joseph Bramah,Mechanical Engineering,Engineering & Technology
1796,Germany,Lithography Printing Technique,Alois Senefelder,Printing Technology,Engineering & Technology
1796,United Kingdom,Vaccines,Edward Jenner,Immunology,Life Sciences & Medicine
1796,United Kingdom,The First Vaccination,Edward Jenner,Medicine,Life Sciences & Medicine
1796,United Kingdom,Smallpox Vaccination,Edward Jenner,Immunology,Life Sciences & Medicine
1797,United Kingdom,Plywood,Samuel Bentham,Materials Technology,Chemistry & Materials
1798,Germany,lithography,Alois Senefelder,Printing Technology,Engineering & Technology
1799,United Kingdom,Motorized Air Compressor,George Medhurst,Mechanical Engineering,Engineering & Technology
1799,France,Paper Machine,LouisNicolas Robert,Industrial Machinery,Engineering & Technology
1799,Italy,The Battery,Alessandro Volta,Electricity,Physical Sciences
1800,Italy,Battery electric,Alessandro Volta,Battery Technology,Chemistry & Materials
1800,United Kingdom,metal lathe,Henry Maudslay,Machine Tools,Engineering & Technology
1800,Italy,Electric Battery; electric battery,Alessandro Volta; Volta,Battery Technology,Chemistry & Materials
1800,Italy,Voltaic Pile,Alessandro Volta,Electricity,Physical Sciences
1801,France,Jacquard Loom; Jacquard loom,Joseph Marie Jacquard; JosephMarie Jacquard,Textile Machinery,Engineering & Technology
1802,United States,screwdriven steamboat,John Stevens,Marine Technology,Engineering & Technology
1802,United Kingdom,Arc Lamp,Humphry Davy,Electricity,Physical Sciences
1803,United Kingdom,steam railway locomotive,Richard Trevithick,Transportation Engineering,Engineering & Technology
1804,Germany,Morphine Discovery,Friedrich Sertürner,Pharmaceuticals,Life Sciences & Medicine
1804,Japan,Modern General Anesthetic Tsūsensan,Hanaoka Seishū,Medicine,Life Sciences & Medicine
1804,United Kingdom,Steam Locomotive,Richard Trevithick,Transportation,Engineering & Technology
1804,United Kingdom,Locomotive,George Stephenson,Transportation Engineering,Engineering & Technology
1804,United Kingdom,Dalton’s Atomic Theory,John Dalton,Chemistry,Chemistry & Materials
1805,United Kingdom,military rocket,William Congreve,Rocketry,Engineering & Technology
1807,United States,Steam Ship,Robert Fulton,Marine Technology,Engineering & Technology
1807,United States,commercial steamboat,Robert Fulton,Marine Technology,Engineering & Technology
1807,United Kingdom,percussionlock musket,Alexander John Forsyth,Firearms Technology,Engineering & Technology
1807,France,Early Internal Combustion Engine,Nicéphore Niépce,Mechanical Engineering,Engineering & Technology
1807,Switzerland,HydrogenPowered Automobile,François Isaac de Rivaz,Transportation,Engineering & Technology
1809,United Kingdom,lacemaking machine,John Heathcoat,Textile Machinery,Engineering & Technology
1810,France,Canning Process,Nicolas Appert,Food Technology,Agricultural Sciences & Technology
1810,France,First Wristwatch,AbrahamLouis Breguet,Horology,Other
1811,Germany,Powered Printing Press,Friedrich Koenig,Printing Technology,Engineering & Technology
1811,United Kingdom,geared steam locomotive,John Blenkinsop,Transportation Engineering,Engineering & Technology
1812,Ireland,Safety Lamp,William Reid Clanny,Safety Technology,Engineering & Technology
1814,United Kingdom,Modern Planing Machine,James Fox,Machine Tools,Engineering & Technology
1815,United Kingdom,Miners Safety Lamp,Sir Humphry Davy,Safety Technology,Engineering & Technology
1815,United Kingdom,macadam road surface,John Loudon McAdam,Civil Engineering,Engineering & Technology
1816,United Kingdom,Stirling externalcombustion engine,Robert Stirling,Mechanical Engineering,Engineering & Technology
1816,Germany,Bicycle,Karl von Drais,Transportation,Engineering & Technology
1816,United Kingdom; United States,Electric Telegraph; The Electric Telegraph; electric telegraph,Cooke  Wheatstone; Francis Ronalds; Samuel FB Morse; Samuel Morse,Communication Device; Communications,Information & Computing
1816,France,Stethoscope; stethoscope,RenThophileHyacinthe Lannec; René Laennec,Medical Equipment; Medicine,Life Sciences & Medicine
1816,United Kingdom,Stirling Engine,Robert Stirling,Mechanical Engineering,Engineering & Technology
1817,Germany,Dandy Horse,Baron Karl von Drais,Transportation,Engineering & Technology
1817,United Kingdom,Kaleidoscope,David Brewster,Optics,Physical Sciences
1818,France; United Kingdom,geared steam tunneling shield,Marc Isambard Brunel,Construction Engineering,Engineering & Technology
1818,France,Tunnelling Shield,Marc Isambard Brunel,Civil Engineering,Engineering & Technology
1820,Denmark,Discovery of Electromagnetism,Hans Christian Ørsted,Physics,Physical Sciences
1821,United Kingdom,rubber masticator,Thomas Hancock,Materials Technology,Chemistry & Materials
1822,United States,PatternTracing Lathe,Thomas Blanchard,Machine Tools,Engineering & Technology
1822,France,Heliography,Nicéphore Niépce,Photography,Arts & Media
1822,United Kingdom,Programmable Mechanical Computer,Charles Babbage,Computing,Information & Computing
1823,United Kingdom,mackintosh waterproof fabric,Charles Macintosh,Materials Technology,Chemistry & Materials
1823,Germany,Lighter,Johann Wolfgang Döbereiner,Domestic Technology,Engineering & Technology
1824,United Kingdom,Electromagnet,William Sturgeon,Electrical Engineering; Electricity,Engineering & Technology; Physical Sciences
1824,France,permanent photographic image,Nicphore Nipce,Photography,Arts & Media
1824,France,Braille writing system,Louis Braille,Assistive Technology,Engineering & Technology
1824,Germany,BoltAction Rifle,Johann Nikolaus von Dreyse,Firearms Technology,Engineering & Technology
1824,France,Carnot Cycle,Sadi Carnot,Thermodynamics,Physical Sciences
1825,United Kingdom,passenger train pulled by steam locomotive,George Stephenson,Transportation Engineering,Engineering & Technology
1825,United Kingdom,automatic spinning mule,Richard Roberts,Textile Machinery,Engineering & Technology
1826,United Kingdom,Friction Match,John Walker,Domestic Technology,Engineering & Technology
1826,United Kingdom,Gas Stove,James Sharp,Domestic Technology,Engineering & Technology
1826,France,Photography,Joseph Nicphore Nipce,Photography,Arts & Media
1827,Germany,needlefiring rifle,Nikolaus von Dreyse,Firearms Technology,Engineering & Technology
1827,United Kingdom,Phosphorus Matches,John Walker,Materials Technology,Chemistry & Materials
1827,Romania,Fountain Pen,Petrache Poenaru,Assistive Technology,Engineering & Technology
1827,France,water turbine,Benot Fourneyron,Renewable Energy,Engineering & Technology
1828,United Kingdom,Hot Blast Process,James Beaumont Neilson,Industrial Process,Engineering & Technology
1828,United Kingdom,Reaping Machine,Patrick Bell,Agricultural Machinery,Agricultural Sciences & Technology
1828,Hungary,Rotary Electromechanical Machine,Ányos Jedlik,Electrical Engineering,Engineering & Technology
1829,France,Braille Reading System,Louis Braille,Assistive Technology,Engineering & Technology
1829,United Kingdom,Corrugated Galvanised Iron,Henry Robinson Palmer,Materials Technology,Chemistry & Materials
1829,United Kingdom,Compound Air Compressor,William Mann,Mechanical Engineering,Engineering & Technology
1830,United States,Tom Thumb steam locomotive,Peter Cooper,Transportation Engineering,Engineering & Technology
1830,United Kingdom,Lawn Mower,Edwin Budding,Agricultural Machinery,Agricultural Sciences & Technology
1830,United Kingdom,Principles of Geology,Charles Lyell,Geology,Earth & Environmental Sciences
1830,France,cylindrical bullet,HenriGustave Delvigne,Firearms Technology,Engineering & Technology
1830,United Kingdom,steam carriage,Goldsworthy Gurney,Transportation Engineering,Engineering & Technology
1831,United States,mechanical reaper,Cyrus Hall McCormick,Agricultural Machinery,Agricultural Sciences & Technology
1831,United Kingdom,Electric Generator,Michael Faraday,Electricity,Physical Sciences
1832,France,glass aquarium,Jeanne VillepreuxPower,Biology,Life Sciences & Medicine
1834,Germany; United States,Electric Motor DC; The Electric Motor; electric motor,Moritz Jacobi; Thomas Davenport,Electrical Engineering; Electromechanical Device,Engineering & Technology
1834,Germany,Practical Electric Motor,Moritz von Jacobi,Electrical Engineering,Engineering & Technology
1835,United Kingdom,Analytical Engine mechanical computer,Charles Babbage,Computing,Information & Computing
1835,United States,revolver,Samuel Colt,Firearms Technology,Engineering & Technology
1835,United States,Electromechanical Relay,Joseph Henry,Electrical Engineering,Engineering & Technology
1836,United Kingdom,electromagnetic telegraph repeater,Edward Davy,Communication Technology,Information & Computing
1836,United Kingdom,Daniell cell battery,John Frederic Daniell,Electrochemistry,Chemistry & Materials
1837,United States,Teflon,Samuel M Polunkett,Polymer Material,Chemistry & Materials
1837,United Kingdom,postage stamp,Rowland Hill,Communication Technology,Information & Computing
1837,United Kingdom,Great Western transatlantic steamer,Isambard Kingdom Brunel,Marine Technology,Engineering & Technology
1837,United Kingdom,Pitman shorthand,Isaac Pitman,Communication Technology,Information & Computing
1837,United States,Morse Code; Morse code,Samuel FB Morse; Samuel Morse,Communication System; Communications,Information & Computing
1837,United Kingdom,electric needle telegraph,Charles Wheatstone,Communication Technology,Information & Computing
1838,Germany,Electrotyping,Moritz von Jacobi,Printing Technology,Engineering & Technology
1838,United States,allsteel onepiece plow,John Deere,Agricultural Implement,Agricultural Sciences & Technology
1838,United States,oneday brass clock movement,Chauncey Jerome,Timekeeping Mechanism,Engineering & Technology
1839,France,daguerreotype,LouisJacquesMand Daguerre,Photographic Process,Arts & Media
1839,United States,babbitt metal,Isaac Babbitt,Metallurgy,Chemistry & Materials
1839,Switzerland,gearmaking machine,Johann Georg Bodmer,Industrial Machinery,Engineering & Technology
1839,United Kingdom,Pedal Driven Bicycle,Kirkpatrick Macmillan,Vehicle,Engineering & Technology
1839,Germany,Ozone,Christian Schnbein,Chemical Discovery,Chemistry & Materials
1839,United States,Steam Shovel,William Otis,Construction Engineering,Engineering & Technology
1839,United Kingdom,Steam Hammer,James Nasmyth,Industrial Machinery,Engineering & Technology
1839,United States,Vulcanized Rubber; vulcanized rubber,Charles Goodyear,Chemical Process; Materials Technology,Chemistry & Materials
1839,France,Daguerreotype Photography,Louis Daguerre,Photography,Arts & Media
1839,France,Photovoltaic Cell,Edmond Becquerel,Renewable Energy,Engineering & Technology
1840,United Kingdom,Blueprint,John Herschel,Technical Drawing,Engineering & Technology
1840,United States,Howe truss for bridges,William Howe,Structural Engineering,Engineering & Technology
1841,United States,Rubber vulcanized,Charles Goodyear,Polymer Material,Chemistry & Materials
1841,United Kingdom,Printing Telegraph,Alexander Bain,Communications,Information & Computing
1842,United Kingdom,Fuel Cell,William Robert Grove,Energy Technology,Engineering & Technology
1842,United Kingdom,Superphosphate,John Bennet Lawes,Agricultural Chemistry,Chemistry & Materials
1842,Belgium; France,saxophone,AntoineJoseph Sax,Musical Instrument,Arts & Media
1844,Ireland,Hypodermic Needle,Francis Rynd,Medicine,Life Sciences & Medicine
1844,Canada; Germany,Wood Pulp Paper Production,Friedrich Gottlob Keller; Charles Fenerty,Paper Technology,Chemistry & Materials
1845,United States,prismatic gunpowder,Thomas Jackson Rodman,Explosive Technology,Chemistry & Materials
1845,United States,Modern Portland Cement,Isaac Charles Johnson,Construction Materials,Engineering & Technology
1846,United States,Telegraph,Elias Howe,Communication Device,Information & Computing
1846,France,Tunnel Boring Machine,HenriJoseph Maus,Mining Technology,Engineering & Technology
1847,United States,rotary printing press,Richard March Hoe,Printing Machinery,Engineering & Technology
1847,United Kingdom,Chloroform,Sir James Young Simpson,Medical Anaesthetic,Life Sciences & Medicine
1847,Italy,Nitroglycerin,Ascanio Sobrero,Explosives,Chemistry & Materials
1848,United Kingdom,Absolute Zero,William Thomson Lord Kelvin,Physics,Physical Sciences
1848,United Kingdom,Kelvin Scale,Lord WT Kelvin,Measurement Instrument,Physical Sciences
1848,United States,Pneumatic Drill,Jonathan J Couch,Mining Technology,Engineering & Technology
1848,United States,Pin Tumbler Lock,Linus Yale Sr,Lock Technology,Engineering & Technology
1849,France,cylindrical Mini bullet,Claudetienne Mini,Ammunition,Chemistry & Materials
1849,United States,Repeating Rifle,Walter Hunt,Firearms Technology,Engineering & Technology
1849,United States,Francis Turbine,James B Francis,Hydraulic Engineering,Engineering & Technology
1849,United States,Safety Pin,Walter Hunt,Domestic Technology; Garment Technology,Engineering & Technology
1850,United Kingdom,Hydraulic Accumulator,William Armstrong,Hydraulic Engineering,Engineering & Technology
1850,United States,pneumatic steelmaking process,William Kelly,Metallurgical Process,Chemistry & Materials
1850,France; Germany; United Kingdom,Laws of Thermodynamics; The laws of thermodynamics,Rudolf Clausius; Sadi Carnot; William Thomson,Thermodynamics,Physical Sciences
1851,United Kingdom,Public Flush Toilet,George Jennings,Sanitation Technology,Earth & Environmental Sciences
1851,United Kingdom,wet collodion photography process,Frederick Scott Archer,Photographic Process,Arts & Media
1851,United States,domestic sewing machine,Isaac Merritt Singer,Textile Machinery,Engineering & Technology
1851,United Kingdom; United States,soda papermaking process,Hugh Burgess,Industrial Process,Engineering & Technology
1852,United States,Safety Brake Elevator,Elisha Otis,Vertical Transportation,Engineering & Technology
1852,United States,Elevator,Elisha G Otis,Vertical Transportation,Engineering & Technology
1852,United Kingdom,Umbrella steelribbed,Samuel Fox,Personal Accessory,Engineering & Technology
1852,France,SteamPowered Airship,Henri Giffard,Aeronautical Vehicle,Engineering & Technology
1852,Germany,Chemical Vapor Deposition Technique,Robert Bunsen,Materials Science,Chemistry & Materials
1852,United States,safety elevator,Elisha Graves Otis,Vertical Transportation Safety,Engineering & Technology
1852,France,Powered Dirigible Flight,Henri Giffard,Aerospace,Engineering & Technology
1853,United Kingdom,first glider to carry a human,George Cayley,Aeronautical Device,Engineering & Technology
1853,France,reinforced concrete,François Coignet; Joseph Monier,Civil Engineering; Construction Material,Engineering & Technology; Other
1854,United States,Light Bulb,Thomas Edison,Lighting Device,Engineering & Technology
1855,Sweden,Safety Match,JE Lundstrm,Chemical Safety Device,Engineering & Technology
1855,United Kingdom,Bessemer process,Henry Bessemer,Metallurgical Engineering,Chemistry & Materials
1855,United Kingdom,first practical method for color photography,James Clerk Maxwell,Physics,Physical Sciences
1856,United Kingdom,parkesine celluloid,Alexander Parkes,Materials Science,Chemistry & Materials
1856,United Kingdom,mauveine,William Henry Perkin,Chemistry,Chemistry & Materials
1856,Australia,ice making machine and refrigerator,James Harrison,Refrigeration Technology,Engineering & Technology
1856,United Kingdom,Bessemer steelmaking process,Henry Bessemer,Metallurgical Process,Chemistry & Materials
1857,United States,Sleeping Car,George Pullman,Railway Carriage,Engineering & Technology
1857,Germany,Geissler tube,Heinrich Geissler,Physics,Physical Sciences
1857,France,phonautograph,ÉdouardLéon Scott de Martinville,Acoustics,Physical Sciences
1858,United Kingdom,Theory of Evolution,Charles Darwin,Scientific Theory,Physical Sciences
1858,United States,Washing Machine rotary,Hamilton Smith,Home Appliance,Engineering & Technology
1858,United States,Can Opener,Ezra Warner,Kitchen Utensil,Engineering & Technology
1858,Belgium,internalcombustion engine,tienne Lenoir,Engine,Engineering & Technology
1859,France,electric storage battery,Gaston Plant,Energy Storage Device,Engineering & Technology
1859,United Kingdom,Evolution by natural selection,Charles Darwin,Scientific Theory,Physical Sciences
1859,United Kingdom,On the Origin of Species,Charles Darwin,Biology,Life Sciences & Medicine
1859,United States,Safety Razor,King Gillette,Personal Grooming,Engineering & Technology
1859,France,lead acid battery,Gaston Planté,Electrochemistry,Chemistry & Materials
1860,United Kingdom,The Electromagnetic Spectrum,James Clerk Maxwell,Physics,Physical Sciences
1860,France,Germ Theory of Disease,Louis Pasteur,Medicine,Life Sciences & Medicine
1860,United States,Spencer breechloading carbine,Christopher M Spencer,Firearm Technology,Engineering & Technology
1860,Norway,ski bindings,Sondre Nordheim,Sports Equipment,Engineering & Technology
1860,United Kingdom,carbon fibers,Joseph Swan,Materials Science,Chemistry & Materials
1861,United States,Machine Gun,Richard Gatling,Firearm Technology,Engineering & Technology
1861,United States,Parrott gun rifled cannon,Robert Parker Parrott,Firearm Technology,Engineering & Technology
1861,Germany; United Kingdom,openhearth furnace,William Siemens,Metallurgical Furnace,Other
1861,United Kingdom,Linoleum,Frederick Walton,Flooring Material,Chemistry & Materials
1861,United Kingdom,Celluloid,Alexander Parkes,Plastic Material,Chemistry & Materials
1862,United Kingdom,astronomical photography,Warren De la Rue,Scientific Imaging,Physical Sciences
1862,United States,Gatling gun,Richard Jordan Gatling,Firearm Technology,Engineering & Technology
1862,United States,Cylinder Lock,Linus Yale Jr,Security Device,Engineering & Technology
1863,France,pasteurization,Louis Pasteur,Food Safety Process,Agricultural Sciences & Technology
1863,United States,Yale cylinder lock,Linus Yale,Security Device,Engineering & Technology
1864,France,pasteurization process,Louis Pasteur,Biotechnology,Life Sciences & Medicine
1864,Germany,gasolinepowered automobile,Siegfried Marcus,Vehicle,Engineering & Technology
1865,United States,Pullman sleeping car,George M Pullman,Railway Carriage,Engineering & Technology
1865,France; Germany,SiemensMartin process,Carl Wilhelm Siemens; PierreÉmile Martin,Metallurgical Engineering,Chemistry & Materials
1865,United Kingdom,silkcombing machine,Samuel Cunliffe Lister,Textile Machinery,Engineering & Technology
1866,United Kingdom,modern clinical thermometer,Thomas Clifford Allbutt,Medical Instrument,Life Sciences & Medicine
1866,Czech,Laws of Inheritance,Gregor Mendel,Genetics,Life Sciences & Medicine
1866,France,drycell battery,Georges Leclanch,Energy Storage Device,Engineering & Technology
1867,Sweden,Dynamite; dynamite,Alfred B Nobel; Alfred Nobel,Chemical Engineering; Explosive Technology,Chemistry & Materials
1867,United States,pneumatic tube,Alfred Ely Beach,Transport System,Engineering & Technology
1867,United States,barbed wire,Joseph Farwell Glidden; Lucien B Smith,Agricultural Fencing; Agricultural Technology,Agricultural Sciences & Technology
1868,France,Helium,Jules Janssen,Chemical Discovery,Chemistry & Materials
1868,United States,typewriter,Christopher Latham Sholes,Office Equipment,Engineering & Technology
1869,United Kingdom; United States,Vacuum Cleaner; vacuum cleaner,David T Kenney; H Cecil Booth; Hubert Cecil Booth; Ives McGuffey,Home Appliance; Home Appliances,Engineering & Technology
1869,Russia,Mendeleev’s Periodic Table of Elements,Dmitri Mendeleev,Chemistry,Chemistry & Materials
1869,United States,air brake,George Westinghouse,Transportation Safety Device,Engineering & Technology
1869,Russia,Periodic Table,Dmitri Mendeleev,Scientific Model,Physical Sciences
1869,France,trichrome process of colour photography,Louis Ducos du Hauron,Photographic Process,Arts & Media
1871,United States,flatbottomed paper bag,Margaret Knight,Packaging,Engineering & Technology
1871,United Kingdom,bicycle with centrepivot steering,James Starley,Vehicle Innovation,Engineering & Technology
1872,Germany,polyvinyl chloride PVC,Eugen Baumann,Chemistry,Chemistry & Materials
1872,United Kingdom,stainless steel,JET Woods; J Clark; Harry Brearley,Metallurgical Engineering,Chemistry & Materials
1873,Germany; United States,Jeans,Levi Strauss,Clothing,Engineering & Technology
1873,United Kingdom,rotary kiln,Frederick Ransome,Industrial Engineering,Engineering & Technology
1873,Belgium,Gramme machine,Zénobe Gramme,Electrical Engineering,Engineering & Technology
1873,United Kingdom,Black holes,John Michell,Astronomical Theory,Physical Sciences
1873,United Kingdom,Crookes radiometer,William Crookes,Physics,Physical Sciences
1874,France,metal detector,Gustave Trouvé,Electronic Engineering,Engineering & Technology
1874,Canada; United Kingdom; United States,Telephone; The Telephone; telephone,Alexander Graham Bell; Graham Bell,Communication Device; Communication Technology; Communications,Information & Computing
1875,Russia,electric tram,Fyodor Pirotsky,Transportation Engineering,Engineering & Technology
1876,Canada; United Kingdom; United States,Microphone,Alexander Graham Bell,Audio Device,Arts & Media
1876,United States,carpet sweeper,Melville Reuben Bissell,Cleaning Device,Engineering & Technology
1876,Russia,Yablochkov candle arc lamp,Pavel Nikolayevich Yablochkov,Lighting Device,Engineering & Technology
1876,Germany,fourstroke cycle,Nicolaus August Otto,Mechanical Engineering,Engineering & Technology
1876,Germany,fourstroke internalcombustion engine,Nikolaus August Otto,Engine,Engineering & Technology
1877,United States,universal grinding machine,Joseph Rogers Brown,Machine Tool,Engineering & Technology
1877,United States,phonograph cylinder sound recorder,Thomas Edison,Audio Recording Device,Arts & Media
1877,United States,Phonograph; phonograph,Thomas Edison,Audio Playback Device; Audio Technology,Arts & Media
1878,United States,Pelton wheel,Lester Allan Pelton,Mechanical Engineering,Engineering & Technology
1878,United States,Electric Light Bulb,Thomas Edison,Lighting Device,Engineering & Technology
1878,United States,Gramophone,Thomas Edison,Audio Playback Device,Arts & Media
1878,United Kingdom,rebreather,Henry Fleuss,Diving Technology,Engineering & Technology
1879,United Kingdom; United States,incandescent light bulb; incandescent lightbulb,Joseph Swan; Thomas Alva Edison; Thomas Edison,Electrical Engineering; Lighting Device,Engineering & Technology
1880,Serbia; United States,alternatingcurrent electric motor,Nikola Tesla,Electric Motor,Engineering & Technology
1880,United Kingdom,life raft,Maria Beasley,Marine Safety Equipment,Engineering & Technology
1881,Bulgaria,carbon arc welding,Nikolay Benardos,Welding Technology,Engineering & Technology
1882,United States,Iron electric,Henry W Seeley,Household Appliance,Engineering & Technology
1882,United States,Electric Fan,Schuyler Wheeler,Home Appliance,Engineering & Technology
1884,France,rayon,Hilaire Bernigaud de Chardonnet,Textile Fiber,Chemistry & Materials
1884,Hungary,closed core transformer and AC parallel power distribution,Károly Zipernowsky; Ottó Bláthy; Miksa Déri,Electrical Engineering,Engineering & Technology
1884,Ireland,modern steam turbine,Sir Charles Parsons,Mechanical Engineering,Engineering & Technology
1884,United States,Maxim gun,Hiram Maxim,Weapon Technology,Engineering & Technology
1884,United Kingdom,multistage steam turbine,Charles Algernon Parsons,Turbine,Engineering & Technology
1884,France,Poudre B,Paul Vieille,Chemistry,Chemistry & Materials
1884,United Kingdom; United States,Maxim machine gun,Hiram Maxim,Firearm Technology,Engineering & Technology
1884,Germany; United States,Linotype typesetting machine,Ottmar Mergenthaler,Printing Machinery,Engineering & Technology
1885,Germany,practical automobile with an internalcombustion engine,Karl Benz,Vehicle,Engineering & Technology
1885,Germany,highspeed internalcombustion engine,Gottlieb Daimler,Engine,Engineering & Technology
1885,Germany,Motorcycle,Gottlieb Daimler,Vehicle,Engineering & Technology
1885,Germany,Petrol for Motor Car,Karl Benz,Fuel,Engineering & Technology
1885,United Kingdom,modern safety bicycle,John Kemp Starley,Transportation Engineering,Engineering & Technology
1886,United States,graphophone cylinder sound recorder,Charles Sumner Tainter,Audio Recording Device,Arts & Media
1886,United States,Dishwasher,Josephine G Cochran,Home Appliance,Engineering & Technology
1886,United States,Yellow Pages,Reuben H Donnelly,Communication Technology,Information & Computing
1886,Germany,zinc–carbon battery,Carl Gassner,Electrochemistry,Chemistry & Materials
1886,France; United States,Hall–Héroult process,Charles Martin Hall; Paul Héroult,Metallurgical Engineering,Chemistry & Materials
1886,Germany,Automobile; automobile,Karl Benz,Mechanical Engineering; Vehicle,Engineering & Technology
1886,United States,electrolytic aluminum smelting,Charles M Hall  PaulLouisT Hroult,Metallurgy,Chemistry & Materials
1886,France,Fluorine,Ferdinand FH Moissan,Chemical Element,Chemistry & Materials
1886,United States,mechanical dishwasher,Josephine Cochrane,Home Appliance,Engineering & Technology
1886,United States,CocaCola,Dr John Pemberton,Food Technology,Agricultural Sciences & Technology
1887,Germany,Bayer process,Carl Josef Bayer,Chemical Engineering,Chemistry & Materials
1887,United Kingdom,wind turbine,James Blyth,Electrical Engineering,Engineering & Technology
1887,Australia,gold cyanidation process,John Stewart MacArthur; Robert Forrest; William Forrest,Mining Engineering,Engineering & Technology
1887,Germany; United States,Gramophone disc sound recorder,Emil Berliner,Audio Playback Device,Arts & Media
1887,United Kingdom,pneumatic rubber tire,John Boyd Dunlop,Vehicle,Engineering & Technology
1888,United States,Film,George Eastman,Film Technology,Arts & Media
1888,United States,Ball Point Pen; ballpoint pen,John J Loud; John Loud,Mechanical Engineering; Office Equipment,Engineering & Technology
1888,United States,Kinetoscope,Thomas Edison; William Kennedy Dickson,Film Technology,Arts & Media
1888,Germany,electromagnetic wave demonstration,Heinrich Hertz,Physics,Physical Sciences
1888,United Kingdom,Bicycle Tyres,John Boyd Dunlop,Vehicle,Engineering & Technology
1888,United States,Kodak camera,George Eastman,Photography,Arts & Media
1888,United Kingdom,Pneumatic Tyre; pneumatic tire,John Boyd Dunlop; John Dunlop,Mechanical Engineering; Vehicle,Engineering & Technology
1888,United States,Camera,George Eastman,Photography,Arts & Media
1889,United Kingdom,Cine Camera,Wm FrieseGreene,Film Technology,Arts & Media
1889,United States,cylindrical grain silo,Franklin Hiram King,Agricultural Engineering,Agricultural Sciences & Technology
1890,Germany,zeppelin airship,Ferdinand von Zeppelin,Aviation Technology,Engineering & Technology
1890,United States,tabulating machine,Herman Hollerith,Computing,Information & Computing
1890,France,chlorofluorocarbons as refrigerant,Frédéric Swarts,Chemistry,Chemistry & Materials
1890,United States,precut cardboard box,Robert Gair,Industrial Design,Engineering & Technology
1891,Canada; United States,basketball,James A Naismith,Sports Equipment,Engineering & Technology
1891,United States,zipper,Whitcomb Judson,Garment Technology,Engineering & Technology
1892,United Kingdom,vacuum flask,James Dewar,Thermodynamics,Physical Sciences
1892,United States,carburizing surface hardening of steel plate,Hayward A Harvey,Metallurgical Process,Chemistry & Materials
1892,United States,adding machine,William Seward Burroughs,Office Equipment,Engineering & Technology
1892,France,cinematograph,Léon Bouly,Film Technology,Arts & Media
1892,Canada,electric oven,Thomas Ahearn,Home Appliances,Engineering & Technology
1892,Germany,Diesel Engine; diesel engine,Rudolf Diesel,Engine; Mechanical Engineering,Engineering & Technology
1893,United States,rubber glove,William Stewart Halsted,Medicine,Life Sciences & Medicine
1893,United States,Carborundum,Edward Goodrich Acheson,Materials Technology,Chemistry & Materials
1893,United States,Ferris Wheel,GWG Ferris Jr,Recreational Technology,Arts & Media
1893,United States,Zip Fastener,Whitcomb Judson,Garment Technology,Engineering & Technology
1894,Germany,Lilienthal standard glider,Otto Lilienthal,Aviation Technology,Engineering & Technology
1894,France,Cinmatographe motionpicture camera and projector,Lumire brothers,Film Technology,Arts & Media
1894,Italy,Radio,Guglielmo Marconi,Communication Device,Information & Computing
1894,United Kingdom,Ship Turbine,Charles Parsons,Marine Technology,Engineering & Technology
1895,United States,disposable razor,King Camp Gillette,Personal Grooming,Engineering & Technology
1895,Germany,radiograph Xray,Wilhelm Conrad Röntgen,Physics,Physical Sciences
1895,Italy,wireless communication system,Guglielmo Marconi,Communication Technology,Information & Computing
1895,Germany,Xray,Wilhelm Conrad Rntgen,Medical Imaging,Life Sciences & Medicine
1896,Italy,wireless telegraph,Guglielmo Marconi,Communication Device,Information & Computing
1896,France; Poland,Radioactivity,Marie Curie,Nuclear Physics,Physical Sciences
1896,United States,Electric stovecooker,William S Hadaway,Home Appliance,Engineering & Technology
1897,Netherlands,Vitamin B,Christiaan Eijkman,Biochemistry,Chemistry & Materials
1897,United Kingdom,Electron; The Electron,JJ Thomson,Nuclear Physics; Physics,Physical Sciences
1897,France; Poland,surgical mask,Jan MikuliczRadecki; Paul Berger,Medicine,Life Sciences & Medicine
1898,Germany,polyethylene,Hans von Pechmann,Chemistry,Chemistry & Materials
1898,Ireland; United States,gasolineelectric submarine,John Philip Holland,Marine Technology,Engineering & Technology
1898,France; Poland,Radium,Marie  Pierre Curie,Chemical Element,Chemistry & Materials
1899,Germany,Aspirin,Dr Felix Hoffman,Pharmaceuticals,Life Sciences & Medicine
1899,Sweden,NiCd NiFe AgCd batteries,Waldemar Jungner,Electrochemistry,Chemistry & Materials
1900,Canada; United States,amplitude modulation AM of radio waves,Reginald Aubrey Fessenden,Telecommunications,Information & Computing
1900,Denmark,telegraphone magnetic wire recorder,Valdemar Poulsen,Audio Recording Device,Arts & Media
1900,United Kingdom; United States,Animation,J Stuart Blackton,Film Technology,Arts & Media
1900,Germany,Quantum theory proposed,Planck,Physics,Physical Sciences
1900,Austria; Denmark; Germany,Quantum Mechanics; Quantum mechanics,Albert Einstein; Erwin Schrödinger; Max Planck; Niels Bohr; Werner Heisenberg,Physics; Theoretical Physics,Physical Sciences
1900,Germany,Zeppelin,Theodor Kober,Aerospace Engineering,Engineering & Technology
1901,Austria; United States,Discovery of human blood groups,Landsteiner,Medicine,Life Sciences & Medicine
1902,United States,airconditioning,Willis Haviland Carrier,Refrigeration Technology,Engineering & Technology
1902,United States,Air Conditioner,Willis Carrier,Refrigeration Technology,Engineering & Technology
1903,United States,Airplane,Wilbur and Orville Wright,Aviation Technology,Engineering & Technology
1903,United States,powered sustained and controlled airplane flight,Wilbur and Orville Wright,Aviation Technology,Engineering & Technology
1903,United States,windshield wiper,Mary Anderson,Automotive Technology,Engineering & Technology
1903,United States,First Successful Airplane,Orville Wright; Wilbur Wright,Aviation,Engineering & Technology
1903,France,laminated glass,Édouard Bénédictus,Materials Science,Chemistry & Materials
1903,United States,powered airplane,Orville Wright; Wilbur Wright,Aerospace Engineering,Engineering & Technology
1903,Norway,gas turbine,Ægidius Elling,Mechanical Engineering,Engineering & Technology
1904,United Kingdom,Fleming valve,John Ambrose Fleming,Electronic Engineering,Engineering & Technology
1904,United Kingdom,vacuum diode rectifier,John Ambrose Fleming,Electronics,Other
1904,United Kingdom,Valve; Radio,Sir JA Fleming,Electronics,Other
1905,Germany; Switzerland; United States,The theory of relativity,Albert Einstein,Theoretical Physics,Physical Sciences
1905,Germany,Waveparticle duality of light,Einstein,Physics,Physical Sciences
1905,Germany,Special Relativity,Albert Einstein,Physics,Physical Sciences
1905,Germany,Special theory of relativity,Einstein,Physics,Physical Sciences
1906,United States,Audion vacuum tube amplifier,Lee De Forest,Electronics,Other
1906,Norway; United States,marine outboard motor,Ole Evinrude,Marine Technology,Engineering & Technology
1906,United Kingdom,Existence of vitamins proposed,Hopkins,Biochemistry,Chemistry & Materials
1906,United Kingdom,Evidence that Earth has a core,Oldham,Geophysics,Physical Sciences
1907,France,tuyères thermopropulsives statoreacteur  ramjet,Maurice Roy; R Lorin,Aerospace Engineering,Engineering & Technology
1907,Belgium; United States,Bakelite; bakelite,Leo Baekeland; Leo Hendrik Baekeland,Chemistry; Materials Technology,Chemistry & Materials
1907,France,rotarywing aircraft free flight,Paul Cornu,Aerospace Engineering,Engineering & Technology
1908,Germany,coffee filters,Melitta Bentz,Food Technology,Agricultural Sciences & Technology
1908,Switzerland,cellophane,Jacques E Brandenberger,Materials Science,Chemistry & Materials
1908,United States,Tea Bag,Thomas Sullivan,Food Technology,Agricultural Sciences & Technology
1908,Germany,Geiger counter,Hans Geiger,Measurement Instrument,Physical Sciences
1908,Germany,Synthesis of ammonia from its elements,Haber,Chemistry,Chemistry & Materials
1909,United States,Discovery of Burgess Shale ancient invertebrate fossils,Walcott,Paleontology,Physical Sciences
1909,United Kingdom,Idea of genetic disease introduced,Garrod,Medicine,Life Sciences & Medicine
1909,France,television broadcast,Georges Rignoux; A Fournier,Electronic Engineering,Engineering & Technology
1909,Germany,Haber process,Fritz Haber,Chemical Engineering,Chemistry & Materials
1909,Croatia,Boundary between Earths crust and mantle identified,Mohorovicic,Geology,Earth & Environmental Sciences
1910,United States,First mapping of a gene to a chromosome,Morgan and others,Genetics,Life Sciences & Medicine
1910,Germany,arsphenamine antisyphilis drug,Paul Ehrlich,Pharmaceuticals,Life Sciences & Medicine
1911,Netherlands,Superconductivity,Heike Kamerlingh Onnes,Physics,Physical Sciences
1911,Netherlands,Superconductivity discovered,Onnes,Physics,Physical Sciences
1911,New Zealand,Discovery of the atomic nucleus,Rutherford,Physics,Physical Sciences
1911,United States,Lewis machine gun,Isaac Newton Lewis,Firearms Technology,Engineering & Technology
1911,New Zealand,Atomic Nucleus,Ernst Rutherford,Physics,Physical Sciences
1911,United Kingdom,cloud chamber,Charles Thomson Rees Wilson,Physics,Physical Sciences
1911,United States,gyroscopic compass,Elmer Ambrose Sperry,Navigation Technology,Other
1912,Austria,Discovery of cosmic rays,Hess,Physics,Physical Sciences
1912,Germany,Idea of continental drift presented,Wegener,Geology,Earth & Environmental Sciences
1912,Canada; Germany; United States,Plate Tectonics; Plate tectonics,Alfred Wegener; Harry Hess; J Tuzo Wilson; Robert S Dietz,Geology,Earth & Environmental Sciences
1912,United States,automobile electrical starter,Charles F Kettering,Automotive Technology,Engineering & Technology
1912,United States,articulated trams,Boston Elevated Railway,Transportation Engineering,Engineering & Technology
1912,United States,model electric racing cars slot cars,Lionel,Toys,Arts & Media
1912,United Kingdom,Vitamin A,Frederick Gowland Hopkins,Biochemistry,Chemistry & Materials
1912,Germany,Continental Drift,Alfred Wegener,Geology,Earth & Environmental Sciences
1913,Denmark,Bohr Model of the Atom,Niels Bohr,Physics,Physical Sciences
1913,United States,automobile assembly line,Henry Ford,Industrial Engineering,Engineering & Technology
1913,Austria,Kaplan turbine,Viktor Kaplan,Hydraulic Engineering,Engineering & Technology
1913,Germany,Bergius process,Friedrich Bergius,Chemical Engineering,Chemistry & Materials
1914,Germany; United Kingdom,First steps in elucidating chemical transmission of nerve impulses neurotransmitters,Dale; Barger; Loewi,Neuroscience,Life Sciences & Medicine
1914,Serbia,Astronomical theory of climate change,Milankovitch,Climatology,Earth & Environmental Sciences
1915,Germany,General theory of relativity,Einstein,Physics,Physical Sciences
1915,United Kingdom,Martensitic stainless steel process,Harry Brearley,Metallurgical Engineering,Chemistry & Materials
1915,France; United Kingdom,military tank,Walter Wilson; William Tritton; Eugène Brillié,Military Technology,Engineering & Technology
1915,Germany,General Relativity,Albert Einstein,Physics,Physical Sciences
1915,France,Neon Lamp,Georges Claude,Lighting Device,Engineering & Technology
1916,Poland,Czochralski process,Jan Czochralski,Materials Science,Chemistry & Materials
1916,United States,Colburn flatglass machine,Irving Wightman Colburn,Industrial Machinery,Engineering & Technology
1916,United States,Xray tube,William D Coolidge,Medical Imaging,Life Sciences & Medicine
1917,New Zealand; United Kingdom,The Proton,Ernest Rutherford,Nuclear Physics,Physical Sciences
1917,United States,crystal oscillator,Alexander M Nicholson,Electronic Engineering,Engineering & Technology
1918,United States,Browning automatic rifle,John Moses Browning,Firearms Technology,Engineering & Technology
1918,United Kingdom; United States,Synthesis of genetics with the theory of evolution by natural selection neodarwinism,Fisher; Haldane; Wright,Evolutionary Biology,Life Sciences & Medicine
1921,Canada,Isolation of insulin,Banting  Best,Medicine,Life Sciences & Medicine
1922,United States,Vitamin E,Herbert McLean Evans  Katherine Scott Bishop,Biochemistry,Chemistry & Materials
1922,United States,Radar,Dr Albert H Taylor  Leo C Young,Electronics,Other
1923,United States,Nature of galaxies discovered,Hubble,Astronomy,Physical Sciences
1923,United States,Adhesive tape,Richard G Drew,Materials Technology,Chemistry & Materials
1923,Russia; United States,Iconoscope and Kinescope electronic television camera and receiver,Vladimir Kosma Zworykin,Electronic Engineering,Engineering & Technology
1923,Poland; United States,QTips,Leo Gerstenzang,Medical Equipment,Life Sciences & Medicine
1923,Canada,Insulin,Sir Frederick Banting,Biotechnology,Life Sciences & Medicine
1924,United Kingdom,electromechanical television,John Logie Baird,Electronic Engineering,Engineering & Technology
1924,France,Greenhouse Effect,Joseph Fourier,Climate Science,Earth & Environmental Sciences
1924,United States,rapidfrozen food,Clarence Birdseye,Food Technology,Agricultural Sciences & Technology
1925,United States,Frozen Food,Clarence Birdseye,Food Technology,Agricultural Sciences & Technology
1925,Germany,Fischer–Tropsch process,Franz Fischer; Hans Tropsch,Chemical Engineering,Chemistry & Materials
1925,Austria; Germany,Matrix and wave formulations of quantum mechanics,Heisenberg; Schrödinger,Physics,Physical Sciences
1925,Australia,Description of Australopithecus africanus,Dart,Anthropology,Social Sciences & Humanities
1926,United States,liquidfueled rocket engine,Robert Hutchings Goddard,Aerospace Engineering,Engineering & Technology
1926,United Kingdom,live television system,John Logie Baird,Electronic Engineering,Engineering & Technology
1926,Ireland,Threepoint hitch system,Harry Ferguson,Agricultural Engineering,Agricultural Sciences & Technology
1926,United States,liquid fueled rocket,Robert H Goddard,Aerospace Engineering,Engineering & Technology
1926,Japan,YagiUda Antenna,Shintaro Uda; Hidetsugu Yagi,Electrical Engineering,Engineering & Technology
1926,United States,Rocket Engine,Robert H Goddard,Aerospace Engineering,Engineering & Technology
1927,Belgium,The Big Bang theory,Georges Lematre,Cosmology,Physical Sciences
1927,United States,Matter is proved to be wavelike,Davisson  Germer,Physics,Physical Sciences
1927,Belgium,The Big Bang,Georges Lemaître,Cosmology,Physical Sciences
1927,United States,Television,Philo Farnsworth,Electronic Engineering,Engineering & Technology
1927,United States,Image Dissector electronic television camera,Philo Taylor Farnsworth,Electronic Engineering,Engineering & Technology
1927,Hungary,Vitamin C,Albert SzentGyrgyi,Biochemistry,Chemistry & Materials
1927,United States,quartz clock,Warren Marrison; JW Horton,Electronic Engineering,Engineering & Technology
1928,United Kingdom,Discovery of penicillin,Fleming,Medicine,Life Sciences & Medicine
1928,United States,Xerox Machine,Chester Carlson,Office Equipment,Engineering & Technology
1928,Australia; United Kingdom,Penicillin; penicillin,Alexander Fleming; Ernst Chain; Howard Florey; Norman Heatley,Medicine; Pharmaceuticals,Life Sciences & Medicine
1928,United Kingdom,turbojet engine,Frank Whittle,Aerospace Engineering,Engineering & Technology
1928,United States,electronic television,Philo Farnsworth,Electronic Engineering,Engineering & Technology
1928,United States,Electric Shaver,Jacob Schick,Home Appliance,Engineering & Technology
1929,United States,ball screw,Rudolph G Boehm,Mechanical Engineering,Engineering & Technology
1929,United States,Expansion of the Universe established,Hubble,Astronomy,Physical Sciences
1929,United States,Van de Graaff generator for particle accelerators,Robert Jemison Van de Graaff,Physics,Physical Sciences
1929,Japan,First suggestion that Earths magnetic field reverses,Matuyama,Geophysics,Physical Sciences
1929,Denmark,Vitamin K,Henrik Dam,Biochemistry,Chemistry & Materials
1930,United Kingdom,First absolute geological timescale,Holmes,Geology,Earth & Environmental Sciences
1930,Austria; Netherlands,Establishment of the scientific study of animal behavior,von Frisch; Lorenz; Tinbergen,Ethology,Social Sciences & Humanities
1930,United Kingdom,supersonic combusting ramjet,Frank Whittle,Aerospace Engineering,Engineering & Technology
1930,Netherlands,phasecontrast microscopy,Frits Zernike,Optics,Physical Sciences
1930,United States,Theory of chemical bonds developed,Pauling,Chemistry,Chemistry & Materials
1931,Germany,First electron microscope; electron microscope,Ernst Ruska; Ruska,Physics; Scientific Imaging,Physical Sciences
1931,United States,Birth of radioastronomy,Jansky,Astronomy,Physical Sciences
1931,Russia; United Kingdom,highdefinition electronic television system,Isaac Shoenberg,Electronic Engineering,Engineering & Technology
1932,United Kingdom; United States,Discovery of the Neutron; Discovery of the neutrino; Discovery of the neutron,Chadwick; Cowan  Reines; James Chadwick,Physics,Physical Sciences
1932,United States,Discovery of the positron first antimatter particle,Anderson,Physics,Physical Sciences
1932,United Kingdom,The Neutron,James Chadwick,Nuclear Physics,Physical Sciences
1933,United States,portable folding wheelchair,Harry C Jennings Sr; Herbert Everest,Medical Equipment,Life Sciences & Medicine
1933,United States,FM radio,Edwin H Armstrong,Electronic Engineering,Engineering & Technology
1933,Switzerland,Dark Matter,Fritz Zwicky,Astrophysics,Physical Sciences
1933,United States,frequency modulation FM of radio waves,Edwin H Armstrong,Telecommunications,Information & Computing
1934,United States,cyclotron particle accelerator,Ernest Orlando Lawrence,Physics,Physical Sciences
1934,United States,Hammond organ electronic keyboard,Laurens Hammond,Musical Instrument,Arts & Media
1935,United States,nylon,Wallace Carothers; Wallace Hume Carothers,Chemical Engineering; Polymer Material,Chemistry & Materials
1935,United States,Magnitude scale for earthquakes,Richter,Geophysics,Physical Sciences
1935,Japan,Theory of the nuclear force,Yukawa,Physics,Physical Sciences
1935,United Kingdom,radar early warning,Robert Alexander WatsonWatt,Electronics,Other
1935,United States,Richter Scale,Charles Richter,Measurement Instrument,Physical Sciences
1936,Germany,Jet Engine,Hans von Ohain,Aerospace Engineering,Engineering & Technology
1937,Netherlands; Switzerland,First Gravitational Lens,J H Oort and F Zwicky,Astronomy,Physical Sciences
1937,United Kingdom,Discovery of the citric acid cycle,Krebs,Biochemistry,Chemistry & Materials
1938,Switzerland,LSD,Albert Hofmann,Biochemistry,Chemistry & Materials
1938,United States,xerography,Chester F Carlson,Printing Technology,Engineering & Technology
1938,United States,nonreflective glass,Katharine Blodgett,Materials Technology,Chemistry & Materials
1938,Austria; Germany,Nuclear Fission; nuclear fission,Fritz Strassmann; Lise Meitner; Otto Hahn; Otto Robert Frisch,Nuclear Physics; Physics,Physical Sciences
1938,Russia,First observation of superfluidity,Kapitza,Physics,Physical Sciences
1938,Germany; United States,Nuclear reactions in stars,Bethe; von Weizsäcker,Astrophysics,Physical Sciences
1938,Germany,Z1 computer,Konrad Zuse,Computer Science,Information & Computing
1939,Germany,jet aircraft,Hans Joachim Pabst von Ohain,Aviation Technology,Engineering & Technology
1939,Austria; Sweden,Discovery of nuclear fission,Meitner  Frisch,Nuclear Physics,Physical Sciences
1939,Russia; United States,production helicopter,Igor Sikorsky,Aviation Technology,Engineering & Technology
1939,Russia; United States,Helicopter,Igor Sikorsky,Aviation Technology,Engineering & Technology
1939,Russia,electric current defibrillator,G S Yunyev  Naum Gurvich,Medicine,Life Sciences & Medicine
1939,Switzerland,DDT,Paul Hermann Mller,Environmental Science,Earth & Environmental Sciences
1940,United States,Pu239 isotope,Glenn Seaborg,Nuclear Science,Physical Sciences
1940,United Kingdom,cavity magnetron,John Randall; Harry Boot,Electronic Engineering,Engineering & Technology
1941,United Kingdom,polyester,John Rex Whinfield; James Dickson,Chemical Engineering,Chemistry & Materials
1942,Italy; United States,Nuclear power,Enrico Fermi and team,Nuclear Science,Physical Sciences
1942,United States,spreadspectrum technology,Hedy Lamarr,Telecommunications,Information & Computing
1942,Germany,V2 rocket,Wernher von Braun,Aerospace Engineering,Engineering & Technology
1943,France,AquaLung,JacquesYves Cousteau,Diving Technology,Engineering & Technology
1943,Germany; Italy,Mutations in bacteria identified,Luria  Delbrück,Microbiology,Life Sciences & Medicine
1944,United States,noninfectious viral vaccine,Jonas Salk; Thomas Francis,Medicine,Life Sciences & Medicine
1944,United States,Evidence in bacteria that DNA is the genetic material,Avery MacLeod and McCarty,Genetics,Life Sciences & Medicine
1944,United States,Start of Mexican wheat improvement program leading to the green revolution,Borlaug,Agriculture,Agricultural Sciences & Technology
1945,United States,Atom Bomb; atomic bomb,Julius Robert Oppenheimer; Manhattan Project,Nuclear Weapons,Physical Sciences
1945,United States,Microwave oven; microwave oven,Percy Spencer,Home Appliance; Microwave Technology,Engineering & Technology; Other
1945,United States,Radiocarbon dating; radiocarbon dating,Libby; Willard Libby,Chemistry; Radiometric Dating,Chemistry & Materials; Physical Sciences
1945,United States,Formulation of the onegene oneenzyme hypothesis,Beadle  Tatum,Genetics,Life Sciences & Medicine
1946,United States,Initial elucidation of the reactions involved in photosynthesis,Calvin,Biochemistry,Chemistry & Materials
1946,United Kingdom,ejector seat,James Martin,Aviation Technology,Engineering & Technology
1946,France,Bikini,Jacques HeimLouis Reard,Recreational Technology,Arts & Media
1946,United States,ENIAC generalpurpose electronic computer,John W Mauchly,Computing,Information & Computing
1947,United States,Invention of the transistor,Shockley Bardeen and Brattain,Electronics,Other
1947,United States,hydraulic fracturing technology,Floyd Farris; JB Clark,Oil and Gas,Engineering & Technology
1947,Hungary; United Kingdom,Holography; holography,D Gabor; Dennis Gabor,Optics,Physical Sciences
1947,United States,The Transistor; Transistor; transistor,John Bardeen; Walter Brattain; William Shockley,Electronic Engineering; Electronics,Engineering & Technology; Other
1947,United States,carbon14 dating,Willard Frank Libby,Radiometric Dating,Physical Sciences
1947,United States,geodesic dome,R Buckminster Fuller,Construction Engineering,Engineering & Technology
1947,United States,eighttrack tape recorder,Les Paul,Audio Playback Device,Arts & Media
1947,United States,Polaroid instantprint camera,Edwin Herbert Land,Photography,Arts & Media
1948,Japan; United States,Quantum electrodynamics,Feynman; Schwinger; Tomonaga,Physics,Physical Sciences
1948,United States,solarheated home,Mria Telkes,Energy Technology,Engineering & Technology
1948,United States,basic oxygen steelmaking,Robert Durrer,Metallurgical Engineering,Chemistry & Materials
1948,Russia; United States,Big Bang theory for origin of the Universe,Gamow Alpher and Herman,Cosmology,Physical Sciences
1948,United States,electric guitar,Leo Fender,Audio Technology,Arts & Media
1948,United States,atomic clock,National Bureau of Standards,Timekeeping Technology,Engineering & Technology
1949,Australia,Immunological tolerance hypothesis proposed,Burnet,Immunology,Life Sciences & Medicine
1949,United Kingdom,Manchester Mark I storedprogram digital computer,Tom Kilburn,Computer Science,Information & Computing
1949,United States,inertial guidance systems for aircraft,Charles Stark Draper,Navigation Technology,Other
1950,Russia,Tokamak toroidal chamber with axial magnetic fields,Igor E Tamm; Andrei D Sakharov,Nuclear Fusion,Physical Sciences
1950,Canada,video game Bertie the Brain,Josef Kates,Video Games,Arts & Media
1951,United States,Presentation of the idea of gene transposition jumping genes,McClintock,Genetics,Life Sciences & Medicine
1952,Sweden,Pacemaker,Rune Elmqvist,Medical Equipment,Life Sciences & Medicine
1952,United States,compiler,Grace Hopper,Software,Information & Computing
1952,United States,Apgar Score System,Virginia Apgar,Medical Imaging,Life Sciences & Medicine
1952,United Kingdom,Theory of nervecell excitation announced,Hodgkin  Huxley,Neuroscience,Life Sciences & Medicine
1952,United States,First polio vaccine; Polio Vaccine,Jonas Edward Salk; Salk,Immunology; Medicine,Life Sciences & Medicine
1952,United Kingdom,float glass process,Alastair Pilkington,Materials Science,Chemistry & Materials
1952,United States,thermonuclear weapon,United States,Nuclear Weapons,Physical Sciences
1953,United States,maser,Charles Hard Townes,Physics,Physical Sciences
1953,United Kingdom; United States,The Structure of DNA; The structure of DNA,Francis Crick; James Watson; James Watson  Francis Crick,Biology; Genomics,Life Sciences & Medicine
1953,United Kingdom; United States,DNA,James Watson  Francis Crick,Genetics,Life Sciences & Medicine
1953,United Kingdom; United States,Structure of DNA the double helix,Watson  Crick,Genetics,Life Sciences & Medicine
1953,United Kingdom,First determination of the aminoacid sequence of a protein,Sanger et al,Biochemistry,Chemistry & Materials
1953,Japan,video tape recorder helical scan,Norikazu Sawazaki,Electronics,Other
1953,United States,Production of amino acids in early Earth conditions,Miller  Urey,Chemistry,Chemistry & Materials
1954,Germany,Wankel rotary gasoline engine,Felix Wankel,Automotive Technology,Engineering & Technology
1954,Israel,Uzi submachine gun,Uziel Gal,Firearms Technology,Engineering & Technology
1954,United States,solar battery,Calvin Souther Fuller; Daryl Chapin; Gerald Pearson,Renewable Energy,Engineering & Technology
1955,United States,intermodal container,Malcom McLean,Logistics,Engineering & Technology
1955,United Kingdom,Hovercraft; hovercraft,Christopher Cockerell,Marine Technology; Transportation Engineering,Engineering & Technology
1956,United States,hard disk drive,IBM,Computer Hardware,Information & Computing
1956,United States,Logic Theorist computer program,Allen Newell; Herbert A Simon; Cliff Shaw,Artificial Intelligence,Information & Computing
1956,United States,Artificial intelligence,John McCarthy; Marvin Minsky; Allen Newell; Herbert A Simon,Artificial Intelligence,Information & Computing
1957,United States,Superconductivity explained,Bardeen Cooper and Schrieffer,Physics,Physical Sciences
1957,United States,laser and optical amplifier,Gordon Gould; Charles Townes,Optoelectronics,Other
1957,United States,personal computer IBM 610,IBM,Computer Hardware,Information & Computing
1957,Russia,artificial satellite Sputnik 1,Soviet Space Program,Space Technology,Engineering & Technology
1958,Japan,Quantum tunneling of electrons in semiconductors,Esaki,Physics,Physical Sciences
1958,United Kingdom,First threedimensional protein structure published,Kendrew et al,Biochemistry,Chemistry & Materials
1958,United States,integrated circuit,Jack Kilby; Robert Noyce,Electronics; Semiconductor Technology,Other
1958,United States,Optical Disc,David Paul Gregg,Optical Storage,Information & Computing
1959,Egypt; South Korea,MOSFET MOS transistor,Mohamed Atalla; Dawon Kahng,Semiconductor Technology,Other
1960,United States,ruby laser,Theodore H Maiman,Laser Technology,Other
1960,United States,First laser; Laser,Maiman; Theodore H Maiman, Physics, Physical Sciences
1960,United States,first functioning laser,Theodore Maiman,Laser Technology,Other
1960,United Kingdom,Discoveries of fossils of early Homo in East Africa,Leakeys and others,Anthropology,Social Sciences & Humanities
1961,Czechia,Soft Contact lenses,Otto Wichterle,Medical Equipment,Life Sciences & Medicine
1961,United Kingdom,Nature of the genetic code,Crick et al,Molecular Biology,Life Sciences & Medicine
1963,China; United States,electronic cigarette,Herbert A Gilbert; Hon Lik,Consumer Electronics,Engineering & Technology
1963,Netherlands,Discovery of quasars,Schmidt,Astronomy,Physical Sciences
1963,United States,Deterministic chaos the butterfly effect,Lorenz,Chaos Theory,Physical Sciences
1963,Netherlands,First Supermassive Black Hole,Maarten Schmidt,Astronomy,Physical Sciences
1963,United Kingdom,Explanation for magnetic stripes on the sea floor seafloor spreading,Vine  Matthews,Geophysics,Physical Sciences
1964,United States,Existence of quarks proposed,GellMann; Zweig,Physics,Physical Sciences
1964,Japan,Shinkansen highspeed rail,Japanese National Railways,Transportation Engineering,Engineering & Technology
1964,United Kingdom,Genetic explanations proposed for animal social behavior,Hamilton,Evolutionary Biology,Life Sciences & Medicine
1964,United States,supercomputer,Seymour Cray,Computer Science,Information & Computing
1964,United States,coronary artery bypass,Michael DeBakey,Medical Equipment,Life Sciences & Medicine
1964,United States,computer mouse,Douglas Engelbart,Computer Interface,Information & Computing
1964,United States,Synthesizer,Dr Robert Arthur Moog,Audio Technology,Arts & Media
1965,United States,Discovery of cosmic microwave background radiation,Penzias  Wilson,Astronomy,Physical Sciences
1965,United States,Kevlar,Stephanie Kwolek,Materials Science; Materials Technology,Chemistry & Materials
1965,United States,Compact Disk,James Russell,Digital Storage,Information & Computing
1965,Germany; United States,Cosmic Microwave Background Radiation,Arno Penzias  Robert Wilson,Astrophysics,Physical Sciences
1965,United States,AstroTurf,J Faria  R Wright,Materials Technology,Chemistry & Materials
1967,United States,Proposal that certain cell organelles are descended from freeliving bacteria,Margulis,Evolutionary Biology,Life Sciences & Medicine
1967,Pakistan; United States,Electroweak theory first unification of fundamental forces,Weinberg; Glashow; Salam,Physics,Physical Sciences
1967,United States,Theory of plate tectonics,McKenzie  Parker; Morgan,Geology,Earth & Environmental Sciences
1967,Japan; United States,First warning of an anthropogenic greenhouse effect,Manabe  Wetherald,Climate Science,Earth & Environmental Sciences
1968,United States,Virtual reality,Ivan Sutherland,Computer Interface,Information & Computing
1968,United Kingdom,Pulsars discovered,Hewish et al,Astronomy,Physical Sciences
1968,Japan,Theory of random molecular evolution,Kimura,Evolutionary Biology,Life Sciences & Medicine
1969,United Kingdom; United States,packet switching,Donald Davies; Paul Baran,Computer Networking,Information & Computing
1969,United States,UNIX operating system,Kenneth L Thompson  Dennis M Ritchie,Software,Information & Computing
1970,Japan; United States,Reverse transcriptase discovered,Baltimore; Temin  Mizutani,Molecular Biology,Life Sciences & Medicine
1970,Israel; United Kingdom; United States,public‐key cryptography,James H Ellis; Clifford Cocks; Malcolm J Williamson; Whitfield Diffie; Martin Hellman; Ralph Merkle; Ron Rivest; Adi Shamir; Leonard Adleman,Cryptography,Information & Computing
1970,United States,pocket calculator,Texas Instruments,Electronics,Other
1971,Russia,space station Salyut 1,Soviet Space Program,Space Technology,Engineering & Technology
1971,United States,floppy disk and disk drive,IBM,Computer Hardware,Information & Computing
1971,Italy; United States,singlechip microprocessor Intel 4004,Federico Faggin,Computer Engineering,Information & Computing
1972,United States,Genetic engineering,Paul Berg,Biotechnology,Life Sciences & Medicine
1972,United States,video game console Magnavox Odyssey,Ralph H Baer,Video Games,Arts & Media
1973,United States,fiber optic communication systems,Optelecom,Telecommunications,Information & Computing
1973,United States,Invention of magnetic resonance imaging,Lauterbur,Medical Imaging,Life Sciences & Medicine
1973,United States,Advent of genetic engineering techniques,Cohen Boyer and Berg,Biotechnology,Life Sciences & Medicine
1973,United States,Gammaray bursts from outer space,Klebesadel Strong and Olsen,Astronomy,Physical Sciences
1973,United States,Mobile phones,Martin Cooper,Mobile Technology,Information & Computing
1973,United States,commercial graphical user interface GUI,Xerox PARC,Computer Interface,Information & Computing
1973,Switzerland,capacitive touchscreen,CERN,Touchscreen Technology,Information & Computing
1973,United States,magnetic resonance imaging MRI,Paul Lauterbur; Sir Peter Mansfield,Medical Imaging,Life Sciences & Medicine
1974,United States,Transmission Control Program,Vinton Cerf; Robert E Kahn,Computer Networking,Information & Computing
1974,Australia; Switzerland,Principles of cellmediated immunity unveiled,Zinkernagel  Doherty,Immunology,Life Sciences & Medicine
1974,France; United States,Discovery of Lucy Australopithecus afarensis,Johanson  Taieb,Paleoanthropology,Social Sciences & Humanities
1974,United States,First Grand Unified Theory of particle physics,Georgi  Glashow,Physics,Physical Sciences
1974,Hungary,Rubiks cube,Erno Rubik; Ernő Rubik,Toy; Toys,Arts & Media
1974,United States,Transmission Control ProtocolInternet Protocol TCPIP,Vinton Cerf  Robert Kahn,Networking Technology,Information & Computing
1974,Mexico; United States,Identification of CFCs as threat to ozone layer,Molina  Rowland,Environmental Science,Earth & Environmental Sciences
1974,France; Japan; United States,lithiumion battery,M Stanley Whittingham; John B Goodenough; Rachid Yazami; Akira Yoshino,Battery Technology,Chemistry & Materials
1975,Germany; United Kingdom,Monoclonal antibodies created,Köhler  Milstein,Immunology,Life Sciences & Medicine
1976,Germany,Patchclamp technique for studying single ion channels,Neher  Sakmann,Physiology,Life Sciences & Medicine
1977,United Kingdom; United States,DNA sequencing method,Walter Gilbert; Frederick Sanger,Biotechnology,Life Sciences & Medicine
1977,Japan,selfdriving car,Tsukuba Mechanical Engineering Laboratory,Automotive Technology,Engineering & Technology
1977,United States,Voyager Program,NASA,Aerospace,Engineering & Technology
1977,United States,Apple II personal computer,Stephen Wozniak,Computer Hardware,Information & Computing
1977,United States,MRI,Raymond Damadian,Medical Imaging,Life Sciences & Medicine
1977,United States,Discovery of deepsea hydrothermal vents,Corliss et al,Oceanography,Earth & Environmental Sciences
1977,United Kingdom,First complete DNA sequence of an organism,Sanger et al,Genetics,Life Sciences & Medicine
1978,United States,Global Positioning System GPS,United States Department of Defense,Navigation Technology,Other
1978,United States,Observation of astronomical dark matter,Rubin,Astronomy,Physical Sciences
1978,United States,GPS,Roger L Easton; Ivan A Getting; Bradford Parkinson,Navigation Technology,Other
1979,United Kingdom; United States,public dialup informationmessaging services,CompuServe; RadioShacks MicroNET; Post Office Telecommunications Prestel,Information Technology,Information & Computing
1979,Japan,cellular network,Nippon Telegraph and Telephone NTT,Telecommunications,Information & Computing
1979,United States,handheld game console Microvision,Milton Bradley,Video Games,Arts & Media
1980,United States,Impact hypothesis for extinctions at the CretaceousTertiary boundary,Alvarez et al,Geology,Earth & Environmental Sciences
1980,United States,First human oncogene,Weinberg,Molecular Biology,Life Sciences & Medicine
1980,Germany,Unveiling of genetic controls on animal bodyplan development,NüssleinVolhard  Wieschaus,Genetics,Life Sciences & Medicine
1980,United States,gene mapping tool using RFLP,Mark Skolnick; Ron Davis; Ray White; David Botstein,Genetics,Life Sciences & Medicine
1980,Japan,flash memory,Fujio Masuoka,Semiconductor Technology,Other
1981,United States,Laserphaco Probe,Patricia Bath,Medical Equipment,Life Sciences & Medicine
1981,Germany,scanning tunneling microscope,Gerd Binnig,Nanotechnology,Chemistry & Materials
1981,United Kingdom,IXI digital media player,Kane Kramer,Consumer Electronics,Engineering & Technology
1981,United Kingdom; United States,Superstring theory,Green  Schwarz,Theoretical Physics,Physical Sciences
1981,United States,Space Shuttle reusable spacecraft,NASA,Space Technology,Engineering & Technology
1981,Sweden,Nordic Mobile Telephone NMT system,Televerket,Telecommunications,Information & Computing
1981,Sweden,automatic cellular system,Comvik,Telecommunications,Information & Computing
1982,United States,Prion hypothesis proposed,Prusiner,Neurology,Life Sciences & Medicine
1982,United States,Artificial heart,Robert Jarvik,Medical Equipment,Life Sciences & Medicine
1982,Japan,laptop computer Epson HX20,Epson,Computer Hardware,Information & Computing
1982,Japan; Netherlands,CDROM,Sony and Philips,Data Storage,Information & Computing
1982,United Kingdom,directtohome satellite television Sky One,British Sky Broadcasting,Television Technology,Arts & Media
1983,United States,stereolithography,Chuck Hull,3D Printing,Engineering & Technology
1983,United States,commercialization of cellular network,Bell System AmeritechATT,Telecommunications,Information & Computing
1983,France,AIDS virus identified,BarréSinoussi et al,Virology,Life Sciences & Medicine
1984,United Kingdom,DNA profiling,Alec Jeffreys,Biotechnology,Life Sciences & Medicine
1984,United States,cell phone DynaTAC 8000X,Motorola,Telecommunications,Information & Computing
1985,United Kingdom,Genetic fingerprinting invented,Jeffreys,Genetics,Life Sciences & Medicine
1985,United Kingdom; United States,Discovery of buckminsterfullerene,Kroto et al,Chemistry,Chemistry & Materials
1985,United Kingdom,Ozone Hole discovery; Ozone hole discovered,Brian Gardiner; Farman et al; Joe Farman; Jonathan Shanklin,Environmental Science,Earth & Environmental Sciences
1986,Switzerland,First hightemperature superconductor,Bednorz  Müller,Physics,Physical Sciences
1986,United Kingdom,pocketsized cell phone Excell PCT105,Technophone,Telecommunications,Information & Computing
1987,United States,Formulation of the Out of Africa hypothesis of human evolution using molecular data,Cann Stoneking and Wilson,Anthropology,Social Sciences & Humanities
1989,Germany,audio compression algorithms MP3 AAC,Karlheinz Brandenburg,Audio Technology,Arts & Media
1989,Belgium; United Kingdom,World Wide Web,Tim BernersLee; Tim BernersLee  Robert Cailliau,Information Technology; Internet Technology,Information & Computing
1990,Japan,video game system Neo Geo AES,SNK,Video Games,Arts & Media
1990,Canada,search engine Archie,Alan Emtage,Internet Technology,Information & Computing
1991,Finland,Linux opensource operating system,Linus Torvalds,Software,Information & Computing
1991,United States,flashbased solidstate drive,SunDisk,Computer Hardware,Information & Computing
1991,Germany,SIM card,Giesecke  Devrient,Telecommunications,Information & Computing
1992,Canada; Poland,Exoplanets,Aleksander Wolszczan  Dale Frail,Astronomy,Physical Sciences
1993,United States,mobile app SIMON,IBM,Software,Information & Computing
1994,Denmark,mobile game Tetris variant on Hagenuk MT2000,Hagenuk,Video Games,Arts & Media
1994,Sweden,Bluetooth,Ericsson Mobile,Wireless Communication,Information & Computing
1994,United States,smartphone IBM Simon,IBM,Mobile Technology,Information & Computing
1995,United States,online food ordering service Waitercom,Waitercom,Internet Technology,Information & Computing
1995,United States,online dating site Matchcom,Matchcom,Internet Technology,Information & Computing
1995,Japan; Netherlands,DVD,Philips; Sony; Toshiba; Panasonic,Optical Storage,Information & Computing
1995,United States,BoseEinstein condensation of trapped atoms,Cornell  Wieman,Physics,Physical Sciences
1995,Switzerland,First extrasolar planet identified,Mayor  Queloz,Astronomy,Physical Sciences
1996,United States,dense wavelengthdivision multiplexing system,Ciena Corporation; Sprint,Telecommunications,Information & Computing
1996,Finland,mobile web Nokia 9000 Communicator,Nokia,Mobile Technology,Information & Computing
1996,United States,social media sites Bolt; Six Degrees,Bolt; Six Degrees,Internet Technology,Information & Computing
1996,United States,BRACAnalysis genetic test,Myriad Genetics,Biotechnology,Life Sciences & Medicine
1997,United States,weblog blog,Jorn Barger; Peter Merholz,Internet Technology,Information & Computing
1997,United Kingdom,Dolly the sheep created by cloning,Wilmut et al,Biotechnology,Life Sciences & Medicine
1998,United States,search engine Google,Google,Internet Technology,Information & Computing
1998,Australia; United States,Dark Energy discovery,Saul Perlmutter; Brian P Schmidt; Adam G Riess,Cosmology,Physical Sciences
1998,South Korea,portable MP3 player,SaeHan Information Systems,Consumer Electronics,Engineering & Technology
1999,United States,digital video recorder TiVo,Xperi,Consumer Electronics,Engineering & Technology
1999,Japan,integrated online app store imode,NTT DoCoMo,Mobile Technology,Information & Computing
2000,Japan,Bluray optical disc format,Sony,Optical Storage,Information & Computing
2000,United States,geocaching,Dave Ulmer,Recreational Technology,Arts & Media
2001,International; United States,Publication of nearcomplete sequences of the human genome,International Human Genome Sequencing Consortium; Venter et al,Genomics,Life Sciences & Medicine
2004,United States,podcast,Adam Curry; Dave Winer,Internet Technology,Information & Computing
2005,United States,videostreaming site YouTube,YouTube,Internet Technology,Information & Computing
2007,United Kingdom,banking app,The Bank of Scotland,Financial Technology,Information & Computing
2007,United States,ereader Kindle,Amazon Jeff Bezos,Consumer Electronics,Engineering & Technology
2007,Germany,music ondemand service SoundCloud,SoundCloud,Internet Technology,Information & Computing
2007,United States,iPhone,Apple Inc,Mobile Technology,Information & Computing
2007,United States,videoondemand service,Netflix,Internet Technology,Information & Computing
2008,Japan,blockchain,Satoshi Nakamoto,Cryptography,Information & Computing
2010,United States,synthetic organism Mycoplasma laboratorium,J Craig Venter Institute,Biotechnology,Life Sciences & Medicine
2010,United States,quantum machine,IBM,Quantum Computing,Information & Computing
2010,Japan,solar sail spacecraft IKAROS,JAXA,Space Technology,Engineering & Technology
2011,United States,HIV treatment as prevention HPTN 052,HPTN 052 Study Group,Medicine,Life Sciences & Medicine
2012,Belgium; United Kingdom,Higgs Boson,Peter Higgs  Franois Englert,Particle Physics,Physical Sciences
2013,Multiple,cancer immunotherapy,Multiple,Medicine,Life Sciences & Medicine
2014,United States,NFT Quantum,Kevin McCoy; Anil Dash,Blockchain Technology,Information & Computing
2015,International,Gravitational Waves detection,LIGO Scientific Collaboration,Astrophysics,Physical Sciences
2015,France; United States,CRISPR genomeediting method,Jennifer Doudna; Emmanuelle Charpentier,Biotechnology,Life Sciences & Medicine
2015,International,First Black Hole Merger observation,LIGO Scientific Collaboration,Astrophysics,Physical Sciences
2017,United States,transformer architecture,Google,Artificial Intelligence,Information & Computing
2018,Multiple,singlecell sequencing,Multiple,Biotechnology,Life Sciences & Medicine
2019,United States,integrated quantum computing system IBM Q System One,IBM,Quantum Computing,Information & Computing
2020,Germany; United States,mRNA vaccine for COVID19,Pfizer; BioNTech,Medicine,Life Sciences & Medicine
2020,United States,GPT3 AI language model,OpenAI,Artificial Intelligence,Information & Computing
2021,United States,COVID pill,Pfizer,Medicine,Life Sciences & Medicine